,s,a,r,s1
0,[ 0.99929583 -0.03752086  0.58647376],[-1.8695883],-1.1542058914712128,[ 0.49002627 -0.8717077  -0.209404  ]
1,[ 0.49002627 -0.8717077  -0.209404  ],[-0.17368996],-1.1252110065134553,[ 0.45079696 -0.8926265  -0.88923824]
2,[ 0.45079696 -0.8926265  -0.88923824],[-1.7496481],-1.29904999375759,[ 0.36776105 -0.9299203  -1.8211553 ]
3,[ 0.36776105 -0.9299203  -1.8211553 ],[1.1490585],-1.7590854311515913,[ 0.25639275 -0.9665727  -2.346237  ]
4,[ 0.25639275 -0.9665727  -2.346237  ],[-1.3129673],-2.2722597879946815,[ 0.09573593 -0.99540675 -3.2681115 ]
5,[ 0.09573593 -0.99540675 -3.2681115 ],[-1.654086],-3.2461612228663785,[-0.11698768 -0.99313337 -4.262779  ]
6,[-0.11698768 -0.99313337 -4.262779  ],[1.0781504],-4.667812561260162,[-0.35185447 -0.9360547  -4.8459067 ]
7,[-0.35185447 -0.9360547  -4.8459067 ],[-0.70791644],-6.07502538222118,[-0.5990053  -0.80074507 -5.654135  ]
8,[-0.5990053  -0.80074507 -5.654135  ],[-1.6275846],-8.097184543491196,[-0.8232996  -0.56760705 -6.4988317 ]
9,[-0.8232996  -0.56760705 -6.4988317 ],[-0.05928019],-10.664909934667664,[-0.96717596 -0.25410765 -6.9334292 ]
10,[-0.96717596 -0.25410765 -6.9334292 ],[0.7306173],-13.12908552400286,[-0.9956044   0.09365843 -7.014417  ]
11,[-0.9956044   0.09365843 -7.014417  ],[0.45096314],-14.20947348752945,[-0.90576184  0.4237871  -6.876529  ]
12,[-0.90576184  0.4237871  -6.876529  ],[0.5761485],-12.040452512399474,[-0.7239842  0.6898166 -6.4722667]
13,[-0.7239842  0.6898166 -6.4722667],[-1.8982687],-9.858726077061089,[-0.477299    0.87874097 -6.2396445 ]
14,[-0.477299    0.87874097 -6.2396445 ],[1.2609404],-8.173080255545353,[-0.22603564  0.974119   -5.3914475 ]
15,[-0.22603564  0.974119   -5.3914475 ],[1.341965],-6.144261551459189,[-0.00502786  0.99998736 -4.4595637 ]
16,[-0.00502786  0.99998736 -4.4595637 ],[0.44616967],-4.47219168317354,[ 0.17618011  0.98435795 -3.6426475 ]
17,[ 0.17618011  0.98435795 -3.6426475 ],[-1.6556408],-3.2720061796495705,[ 0.32852432  0.9444955  -3.1527252 ]
18,[ 0.32852432  0.9444955  -3.1527252 ],[-0.0065206],-2.5218010373567545,[ 0.44126454  0.8973771  -2.4453318 ]
19,[ 0.44126454  0.8973771  -2.4453318 ],[0.7844686],-1.839105988550636,[ 0.5139119  0.857843  -1.6546286]
20,[ 0.5139119  0.857843  -1.6546286],[1.3371595],-1.532421576537178,[0.2703166 0.9627715 1.640077 ]
21,[0.2703166 0.9627715 1.640077 ],[0.03544528],-1.9513886956971982,[0.15472415 0.9879577  2.3674724 ]
22,[0.15472415 0.9879577  2.3674724 ],[1.2409511],-2.5655258262044747,[-0.00938079  0.999956    3.2945833 ]
23,[-0.00938079  0.999956    3.2945833 ],[1.7026411],-3.585287117756153,[-0.22250025  0.9749326   4.299947  ]
24,[-0.22250025  0.9749326   4.299947  ],[-1.7686431],-5.074733922791747,[-0.44633964  0.8948636   4.7658496 ]
25,[-0.44633964  0.8948636   4.7658496 ],[-1.0988312],-6.407527922191379,[-0.6640925   0.74765044  5.2721725 ]
26,[-0.6640925   0.74765044  5.2721725 ],[-0.40427464],-8.056300573124293,[-0.849424   0.527711   5.7722692]
27,[-0.849424   0.527711   5.7722692],[1.5657766],-10.02014925115636,[-0.97233766  0.23357965  6.402919  ]
28,[-0.97233766  0.23357965  6.402919  ],[-1.1949654],-12.545042662819913,[-0.99645853 -0.08408599  6.398859  ]
29,[-0.99645853 -0.08408599  6.398859  ],[-0.87085253],-13.443037037245018,[-0.9232105 -0.3842947  6.2051663]
30,[-0.9232105 -0.3842947  6.2051663],[-0.7316913],-11.39777178799464,[-0.77454346 -0.6325207   5.807192  ]
31,[-0.77454346 -0.6325207   5.807192  ],[1.6012194],-9.410725458666262,[-0.5706883  -0.82116675  5.572984  ]
32,[-0.5706883  -0.82116675  5.572984  ],[1.916261],-7.853781807680718,[-0.33830622 -0.9410361   5.2445483 ]
33,[-0.33830622 -0.9410361   5.2445483 ],[-1.562969],-6.423693094744782,[-0.1295351 -0.9915748  4.304326 ]
34,[-0.1295351 -0.9915748  4.304326 ],[-1.8080473],-4.748359501077802,[ 0.03456489 -0.99940246  3.2894375 ]
35,[ 0.03456489 -0.99940246  3.2894375 ],[1.6422193],-3.444722750559403,[ 0.1730078  -0.98492044  2.7862186 ]
36,[ 0.1730078  -0.98492044  2.7862186 ],[-1.3178617],-2.729405869161951,[ 0.2632362 -0.9647314  1.8498491]
37,[ 0.2632362 -0.9647314  1.8498491],[0.25117072],-2.04377182087631,[ 0.31890503 -0.9477867   1.1639762 ]
38,[ 0.31890503 -0.9477867   1.1639762 ],[1.8908161],-1.6921293866173277,[ 0.3535953  -0.9353985   0.73675853]
39,[ 0.3535953  -0.9353985   0.73675853],[0.82112217],-1.5175662480324985,[ 0.36099145 -0.93256915  0.15837799]
40,[ 0.36099145 -0.93256915  0.15837799],[1.2766412],-0.1459208084522022,[ 0.96775204 -0.2519048   0.74446654]
41,[ 0.96775204 -0.2519048   0.74446654],[-0.96401525],-0.12119797482344699,[ 0.97272325 -0.23196882  0.41093567]
42,[ 0.97272325 -0.23196882  0.41093567],[-1.8480682],-0.07510555008992306,[ 0.9722544  -0.23392601 -0.04025117]
43,[ 0.9722544  -0.23392601 -0.04025117],[0.87251145],-0.05667300799514444,[ 0.9712536  -0.23804717 -0.08481896]
44,[ 0.9712536  -0.23804717 -0.08481896],[1.6705228],-0.06128046621154811,[ 0.97110134 -0.23866755 -0.01277591]
45,[ 0.97110134 -0.23866755 -0.01277591],[0.6393039],-0.0585029092901183,[ 0.96994597 -0.2433203  -0.09588099]
46,[ 0.96994597 -0.2433203  -0.09588099],[0.6455831],-0.061747624046743804,[ 0.9676975  -0.25211406 -0.18153375]
47,[ 0.9676975  -0.25211406 -0.18153375],[0.24173313],-0.0683096756278897,[ 0.9633477  -0.268256   -0.33435932]
48,[ 0.9633477  -0.268256   -0.33435932],[-1.3411843],-0.08673529585913899,[ 0.95281476 -0.3035523  -0.73672897]
49,[ 0.95281476 -0.3035523  -0.73672897],[0.4631597],-0.14961355187646871,[ 0.93828285 -0.34586886 -0.8949192 ]
50,[ 0.93828285 -0.34586886 -0.8949192 ],[-0.4414806],-0.20500820899090558,[ 0.9154419  -0.40245017 -1.220543  ]
51,[ 0.9154419  -0.40245017 -1.220543  ],[0.85007155],-0.32124997016944545,[ 0.8851708  -0.46526617 -1.3948699 ]
52,[ 0.8851708  -0.46526617 -1.3948699 ],[-0.89778614],-0.4295655713490999,[ 0.83763367 -0.54623234 -1.8784875 ]
53,[ 0.83763367 -0.54623234 -1.8784875 ],[-1.7883744],-0.6899915568452599,[ 0.7611704 -0.648552  -2.556418 ]
54,[ 0.7611704 -0.648552  -2.556418 ],[1.7729441],-1.15465558326124,[ 0.66408646 -0.7476558  -2.7768903 ]
55,[ 0.66408646 -0.7476558  -2.7768903 ],[1.9691904],-1.4882122131724338,[ 0.5431285 -0.8396496 -3.0422535]
56,[ 0.5431285 -0.8396496 -3.0422535],[1.9906765],-1.9227802064022914,[ 0.39446828 -0.91890955 -3.3733892 ]
57,[ 0.39446828 -0.91890955 -3.3733892 ],[-1.7476],-2.498970449631977,[ 0.18812583 -0.98214495 -4.3247113 ]
58,[ 0.18812583 -0.98214495 -4.3247113 ],[0.6164707],-3.7793533058752242,[-0.05915435 -0.9982489  -4.9688497 ]
59,[-0.05915435 -0.9982489  -4.9688497 ],[-0.44059455],-5.125992522614668,[-0.34136635 -0.9399303  -5.783625  ]
60,[-0.34136635 -0.9399303  -5.783625  ],[0.49847552],-9.463574737360263,[-0.9995209   0.03095072  0.86200553]
61,[-0.9995209   0.03095072  0.86200553],[-0.7802431],-9.750976600502499,[-0.9999722  -0.00745337  0.7681821 ]
62,[-0.9999722  -0.00745337  0.7681821 ],[-0.5964691],-9.882194765159324,[-0.9991551  -0.04109795  0.6731217 ]
63,[-0.9991551  -0.04109795  0.6731217 ],[-1.2073396],-9.659762588788618,[-0.99794185 -0.06412536  0.4611973 ]
64,[-0.99794185 -0.06412536  0.4611973 ],[-1.3821129],-9.493714482316955,[-0.9972292  -0.07438993  0.20578635]
65,[-0.9972292  -0.07438993  0.20578635],[-0.00159548],-9.411545457895302,[-0.99664426 -0.08185475  0.14975458]
66,[-0.99664426 -0.08185475  0.14975458],[-0.7445627],-9.364232000621318,[-0.99673903 -0.08069257 -0.02332089]
67,[-0.99673903 -0.08069257 -0.02332089],[1.2770497],-9.370256951283533,[-0.99628997 -0.08605966  0.10771714]
68,[-0.99628997 -0.08605966  0.10771714],[-1.1269563],-9.33806085087161,[-0.99681187 -0.0797878  -0.12587106]
69,[-0.99681187 -0.0797878  -0.12587106],[-0.84958446],-9.376435252139492,[-0.99793893 -0.06417109 -0.31314957]
70,[-0.99793893 -0.06417109 -0.31314957],[-1.9774766],-9.483968571629424,[-0.9995096  -0.03131513 -0.6578994 ]
71,[-0.9995096  -0.03131513 -0.6578994 ],[0.8562108],-9.71781069935945,[-0.99999326 -0.00367253 -0.5529541 ]
72,[-0.99999326 -0.00367253 -0.5529541 ],[-0.37857255],-9.87726176815954,[-0.9996368   0.02694891 -0.6124944 ]
73,[-0.9996368   0.02694891 -0.6124944 ],[-1.4138278],-9.740499142546007,[-0.9977449   0.06711952 -0.8043569 ]
74,[-0.9977449   0.06711952 -0.8043569 ],[0.05328769],-9.51677636229775,[-0.99454784  0.10428129 -0.7460241 ]
75,[-0.99454784  0.10428129 -0.7460241 ],[-1.6302729],-9.282419557768668,[-0.9887578   0.14952606 -0.91235405]
76,[-0.9887578   0.14952606 -0.91235405],[-1.2224839],-9.033828007794895,[-0.98021173  0.1979519  -0.9835821 ]
77,[-0.98021173  0.1979519  -0.9835821 ],[0.5536251],-8.754324063712525,[-0.97207683  0.23466288 -0.75207436]
78,[-0.97207683  0.23466288 -0.75207436],[0.8791971],-8.494738111872165,[-0.9666257   0.25619295 -0.44419765]
79,[-0.9666257   0.25619295 -0.44419765],[-0.1481647],-8.328622903116681,[-0.96302146  0.26942462 -0.27427766]
80,[-0.96302146  0.26942462 -0.27427766],[-0.30359954],-7.979448084378209,[-0.9530198   0.30290797  0.18151087]
81,[-0.9530198   0.30290797  0.18151087],[-0.3831895],-8.034148094181017,[-0.9581919   0.28612646  0.35121343]
82,[-0.9581919   0.28612646  0.35121343],[-1.0206996],-8.143920554460799,[-0.9638917   0.2662945   0.41270334]
83,[-0.9638917   0.2662945   0.41270334],[0.17667152],-8.265711741353845,[-0.9719056   0.23537114  0.63892496]
84,[-0.9719056   0.23537114  0.63892496],[-0.46322128],-8.474207949280038,[-0.9800066   0.19896522  0.74597013]
85,[-0.9800066   0.19896522  0.74597013],[-0.5736314],-8.707167377967274,[-0.98725206  0.15916465  0.8091493 ]
86,[-0.98725206  0.15916465  0.8091493 ],[0.32065472],-8.956397409325733,[-0.99384433  0.11078552  0.97662103]
87,[-0.99384433  0.11078552  0.97662103],[1.5160334],-9.282087808148052,[-0.99891174  0.04664072  1.2871152 ]
88,[-0.99891174  0.04664072  1.2871152 ],[1.4560739],-9.74640939869239,[-0.99953896 -0.03036303  1.5405067 ]
89,[-0.99953896 -0.03036303  1.5405067 ],[-1.9911667],-9.921001610611738,[-0.99583316 -0.0911938   1.2190595 ]
90,[-0.99583316 -0.0911938   1.2190595 ],[-0.351354],-9.452893239045755,[-0.9893291  -0.14569825  1.0979611 ]
91,[-0.9893291  -0.14569825  1.0979611 ],[-1.431828],-9.09486697321648,[-0.982952   -0.18386237  0.77391315]
92,[-0.982952   -0.18386237  0.77391315],[-0.03642276],-8.801841901303408,[-0.9766677  -0.21475603  0.63055295]
93,[-0.9766677  -0.21475603  0.63055295],[-0.23287426],-8.596320117739822,[-0.9717714  -0.23592445  0.43455482]
94,[-0.9717714  -0.23592445  0.43455482],[1.6220536],-8.451379297196075,[-0.9655583  -0.26018688  0.5009195 ]
95,[-0.9655583  -0.26018688  0.5009195 ],[1.2208546],-8.311636157574268,[-0.95891005 -0.28371024  0.48890755]
96,[-0.95891005 -0.28371024  0.48890755],[-1.5031893],-8.17108783116977,[-0.95818853 -0.28613758  0.05064647]
97,[-0.95818853 -0.28613758  0.05064647],[1.1674191],-8.132096824295841,[-0.9580288  -0.28667203  0.01115614]
98,[-0.9580288  -0.28667203  0.01115614],[0.23517407],-8.127364452267079,[-0.96041095 -0.2785871  -0.16857177]
99,[-0.96041095 -0.2785871  -0.16857177],[-1.750988],-8.18133247999777,[-0.9688345  -0.24770881 -0.6401603 ]
100,[-0.9688345  -0.24770881 -0.6401603 ],[1.6548474],-0.15907500440395592,[ 0.9301797  -0.36710444 -0.61571527]
101,[ 0.9301797  -0.36710444 -0.61571527],[-0.1740715],-0.1792372922882738,[ 0.9123732  -0.40935948 -0.9171544 ]
102,[ 0.9123732  -0.40935948 -0.9171544 ],[-1.5251447],-0.2643179691548238,[ 0.880254  -0.4745029 -1.4529457]
103,[ 0.880254  -0.4745029 -1.4529457],[0.8415189],-0.4562438537455913,[ 0.83726794 -0.54679286 -1.682595  ]
104,[ 0.83726794 -0.54679286 -1.682595  ],[-1.3260309],-0.6195667232102293,[ 0.7692635  -0.63893163 -2.2915943 ]
105,[ 0.7692635  -0.63893163 -2.2915943 ],[-1.1396116],-1.006838806727273,[ 0.6673173  -0.74477357 -2.9417348 ]
106,[ 0.6673173  -0.74477357 -2.9417348 ],[-1.3529015],-1.573139048688317,[ 0.5187929  -0.85489994 -3.7032502 ]
107,[ 0.5187929  -0.85489994 -3.7032502 ],[1.2441275],-2.4243129199569533,[ 0.33117455 -0.9435695  -4.157806  ]
108,[ 0.33117455 -0.9435695  -4.157806  ],[1.6944859],-3.2525075477905734,[ 0.10677863 -0.99428284 -4.61131   ]
109,[ 0.10677863 -0.99428284 -4.61131   ],[1.3318777],-4.270942782936389,[-0.15030766 -0.9886393  -5.157241  ]
110,[-0.15030766 -0.9886393  -5.157241  ],[1.3873968],-5.62580551332448,[-0.42178217 -0.9066972  -5.6906104 ]
111,[-0.42178217 -0.9066972  -5.6906104 ],[1.3038225],-7.264868640924312,[-0.6773563 -0.7356551 -6.1750603]
112,[-0.6773563 -0.7356551 -6.1750603],[0.22015765],-9.172221890133933,[-0.8814161  -0.47234064 -6.693778  ]
113,[-0.8814161  -0.47234064 -6.693778  ],[0.03402334],-11.501302958268019,[-0.99024415 -0.13934304 -7.0429296 ]
114,[-0.99024415 -0.13934304 -7.0429296 ],[1.3777214],-13.972955578555625,[-0.97860235  0.20576072 -6.9407787 ]
115,[-0.97860235  0.20576072 -6.9407787 ],[0.56245375],-13.428177200955686,[-0.8565004   0.51614636 -6.7020903 ]
116,[-0.8565004   0.51614636 -6.7020903 ],[1.1402938],-11.24918744240279,[-0.6603269  0.7509783 -6.1439366]
117,[-0.6603269  0.7509783 -6.1439366],[0.27380165],-9.028365193818642,[-0.42980102  0.90292364 -5.5396323 ]
118,[-0.42980102  0.90292364 -5.5396323 ],[0.01585568],-7.1292549577815665,[-0.19991317  0.97981364 -4.8600616 ]
119,[-0.19991317  0.97981364 -4.8600616 ],[-1.344773],-5.504044719504754,[ 0.01507599  0.99988633 -4.326917  ]
120,[ 0.01507599  0.99988633 -4.326917  ],[0.36721987],-0.2095196612383693,[0.88780016 0.4602291  0.41516083]
121,[0.88780016 0.4602291  0.41516083],[-1.1667676],-0.2473233652984643,[0.8739529  0.48601058 0.58531755]
122,[0.8739529  0.48601058 0.58531755],[1.2209145],-0.293325952672219,[0.8450342 0.5347123 1.1329626]
123,[0.8450342 0.5347123 1.1329626],[0.44051462],-0.44683917717346927,[0.7995979  0.60053575 1.600074  ]
124,[0.7995979  0.60053575 1.600074  ],[-1.5187945],-0.6732866575264247,[0.741627  0.6708125 1.8226566]
125,[0.741627  0.6708125 1.8226566],[-0.9267014],-0.8737381799453363,[0.66399914 0.74773335 2.186761  ]
126,[0.66399914 0.74773335 2.186761  ],[0.60655487],-1.1919800300787975,[0.551555  0.8341385 2.8385441]
127,[0.551555  0.8341385 2.8385441],[-1.7844715],-1.7822360453137163,[0.4117772  0.91128457 3.1964772 ]
128,[0.4117772  0.91128457 3.1964772 ],[0.17362791],-2.335993496661663,[0.22710522 0.9738702  3.9059849 ]
129,[0.22710522 0.9738702  3.9059849 ],[1.4803513],-3.3280009931386227,[-0.01381738  0.9999045   4.8584404 ]
130,[-0.01381738  0.9999045   4.8584404 ],[1.3192691],-4.873186602418261,[-0.29946396  0.95410764  5.806259  ]
131,[-0.29946396  0.95410764  5.806259  ],[0.7497208],-6.887178029096739,[-0.5938581  0.8045698  6.634298 ]
132,[-0.5938581  0.8045698  6.634298 ],[0.9603784],-9.271581927621547,[-0.844127   0.5361433  7.381782 ]
133,[-0.844127   0.5361433  7.381782 ],[1.890656],-12.087035598296374,[-0.98627645  0.16510214  8.        ]
134,[-0.98627645  0.16510214  8.        ],[-0.14696278],-15.254997081784865,[-0.9727146  -0.23200502  8.        ]
135,[-0.9727146  -0.23200502  8.        ],[-0.10218357],-14.853300501909809,[-0.8111551 -0.5848311  7.810669 ]
136,[-0.8111551 -0.5848311  7.810669 ],[1.2581711],-12.437127812768486,[-0.5380196  -0.84293234  7.560771  ]
137,[-0.5380196  -0.84293234  7.560771  ],[-0.3065403],-10.291437028345142,[-0.22208892 -0.9750264   6.882591  ]
138,[-0.22208892 -0.9750264   6.882591  ],[-0.5826283],-7.958482213512234,[ 0.07915706 -0.9968622   6.0639267 ]
139,[ 0.07915706 -0.9968622   6.0639267 ],[0.5188155],-5.902130222694931,[ 0.34190664 -0.9397339   5.3941026 ]
140,[ 0.34190664 -0.9397339   5.3941026 ],[-0.22975908],-0.08235490110435496,[ 0.9557785  -0.29408756 -0.2329967 ]
141,[ 0.9557785  -0.29408756 -0.2329967 ],[-1.5187929],-0.09683816054383002,[ 0.9452065 -0.3264731 -0.6813813]
142,[ 0.9452065 -0.3264731 -0.6813813],[0.26497793],-0.1571009258896435,[ 0.92981213 -0.36803448 -0.88648945]
143,[ 0.92981213 -0.36803448 -0.88648945],[0.8301186],-0.22132473070472056,[ 0.90946776 -0.4157744  -1.0379975 ]
144,[ 0.90946776 -0.4157744  -1.0379975 ],[0.5281588],-0.29188724519613246,[ 0.88123655 -0.47267547 -1.2706045 ]
145,[ 0.88123655 -0.47267547 -1.2706045 ],[-1.4453518],-0.40591589704712294,[ 0.8340322 -0.5517158 -1.8419138]
146,[ 0.8340322 -0.5517158 -1.8419138],[-1.7659905],-0.683930196716809,[ 0.75806844 -0.652175   -2.5205994 ]
147,[ 0.75806844 -0.652175   -2.5205994 ],[-0.5183934],-1.1403500398010749,[ 0.64877367 -0.76098144 -3.0874896 ]
148,[ 0.64877367 -0.76098144 -3.0874896 ],[-1.6059426],-1.70375962467598,[ 0.48906368 -0.87224805 -3.899117  ]
149,[ 0.48906368 -0.87224805 -3.899117  ],[0.18182197],-2.6434787681941665,[ 0.28088346 -0.9597419  -4.5260296 ]
150,[ 0.28088346 -0.9597419  -4.5260296 ],[-0.3759273],-3.702642332817466,[ 0.01960197 -0.99980783 -5.302225  ]
151,[ 0.01960197 -0.99980783 -5.302225  ],[-1.3673823],-5.219429025886157,[-0.28907093 -0.9573077  -6.2571883 ]
152,[-0.28907093 -0.9573077  -6.2571883 ],[0.11247644],-7.38994524445608,[-0.59813434 -0.80139583 -6.9582977 ]
153,[-0.59813434 -0.80139583 -6.9582977 ],[-1.3048875],-9.73629337821671,[-0.85674506 -0.51574016 -7.755078  ]
154,[-0.85674506 -0.51574016 -7.755078  ],[-0.19672075],-12.772712720860497,[-0.9899531  -0.14139591 -8.        ]
155,[-0.9899531  -0.14139591 -8.        ],[1.3086522],-15.400040455063122,[-0.96801144  0.25090602 -7.909749  ]
156,[-0.96801144  0.25090602 -7.909749  ],[1.6107036],-14.599416020602364,[-0.8094307   0.58721536 -7.4799643 ]
157,[-0.8094307   0.58721536 -7.4799643 ],[0.81405187],-11.915736040998565,[-0.5624201   0.82685167 -6.9174447 ]
158,[-0.5624201   0.82685167 -6.9174447 ],[-0.5095559],-9.48604793159662,[-0.27503183  0.96143514 -6.3737392 ]
159,[-0.27503183  0.96143514 -6.3737392 ],[1.6137837],-7.485410846203037,[-0.00809295  0.9999673  -5.4105954 ]
160,[-0.00809295  0.9999673  -5.4105954 ],[-0.90633035],-0.009212017668149356,[0.99960756 0.02801303 0.16172262]
161,[0.99960756 0.02801303 0.16172262],[-0.39838162],-0.003559063676289884,[0.9994164  0.03415881 0.12297514]
162,[0.9994164  0.03415881 0.12297514],[-0.7624756],-0.0032609360918652267,[0.9993565  0.03586891 0.03422291]
163,[0.9993565  0.03586891 0.03422291],[1.9849457],-0.0053442605896259565,[0.9985521  0.05379394 0.35886645]
164,[0.9985521  0.05379394 0.35886645],[-1.8122939],-0.019059505424156284,[0.9981892  0.06015198 0.12736781]
165,[0.9981892  0.06015198 0.12736781],[1.621666],-0.007874689715525343,[0.9967233  0.08088644 0.4157317 ]
166,[0.9967233  0.08088644 0.4157317 ],[-0.10007225],-0.023850232903339014,[0.9945923  0.10385657 0.4613857 ]
167,[0.9945923  0.10385657 0.4613857 ],[0.64097315],-0.03252371367772471,[0.99079126 0.13539824 0.6354241 ]
168,[0.99079126 0.13539824 0.6354241 ],[1.8682716],-0.062312634862042277,[0.98262656 0.18559374 1.0172135 ]
169,[0.98262656 0.18559374 1.0172135 ],[-1.7062999],-0.14123174178641382,[0.97327757 0.22963169 0.9004638 ]
170,[0.97327757 0.22963169 0.9004638 ],[-1.4211217],-0.13678763933604868,[0.9625133  0.27123433 0.85951936]
171,[0.9625133  0.27123433 0.85951936],[-1.9315512],-0.15305471502730994,[0.95131063 0.30823377 0.77321243]
172,[0.95131063 0.30823377 0.77321243],[-0.43322143],-0.15815277291561333,[0.935789   0.35256067 0.93940455]
173,[0.935789   0.35256067 0.93940455],[-0.21192345],-0.2181134584565797,[0.9135337  0.40676302 1.1720365 ]
174,[0.9135337  0.40676302 1.1720365 ],[-0.05940404],-0.31285430633583483,[0.88123965 0.4726697  1.4681982 ]
175,[0.88123965 0.4726697  1.4681982 ],[1.2573378],-0.45951829709910497,[0.8293333 0.5587542 2.011301 ]
176,[0.8293333 0.5587542 2.011301 ],[-0.12414034],-0.7560587008395675,[0.75609535 0.65446144 2.4117458 ]
177,[0.75609535 0.65446144 2.4117458 ],[1.2359697],-1.092218987255396,[0.6464535 0.7629534 3.0879872]
178,[0.6464535 0.7629534 3.0879872],[1.5110252],-1.7090471840893415,[0.48694098 0.8734349  3.886856  ]
179,[0.48694098 0.8734349  3.886856  ],[0.44964457],-2.6392621657448005,[0.27454364 0.9615746  4.609379  ]
180,[0.27454364 0.9615746  4.609379  ],[1.3415266],-7.730940038324165,[-0.94539124 -0.3259377  -0.76124203]
181,[-0.94539124 -0.3259377  -0.76124203],[-0.6102278],-7.952113055937469,[-0.96184134 -0.27360776 -1.0972295 ]
182,[-0.96184134 -0.27360776 -1.0972295 ],[1.1236295],-8.326731723522975,[-0.97579974 -0.21866621 -1.1338909 ]
183,[-0.97579974 -0.21866621 -1.1338909 ],[1.8882161],-8.665225866964096,[-0.985633   -0.16890094 -1.0146581 ]
184,[-0.985633   -0.16890094 -1.0146581 ],[0.9307239],-8.935879212130228,[-0.99285305 -0.11934309 -1.0017252 ]
185,[-0.99285305 -0.11934309 -1.0017252 ],[-1.8913976],-9.236191754895508,[-0.99870586 -0.05085916 -1.3749422 ]
186,[-0.99870586 -0.05085916 -1.3749422 ],[-0.46233648],-9.741758190216508,[-0.99972993  0.02323865 -1.482437  ]
187,[-0.99972993  0.02323865 -1.482437  ],[-1.5886245],-9.946404344482929,[-0.99412984  0.10819362 -1.7033017 ]
188,[-0.99412984  0.10819362 -1.7033017 ],[-1.2345055],-9.491870012770498,[-0.9803097   0.19746609 -1.8073323 ]
189,[-0.9803097   0.19746609 -1.8073323 ],[1.9491051],-8.990634822864992,[-0.9645362   0.26395062 -1.366867  ]
190,[-0.9645362   0.26395062 -1.366867  ],[-0.81542],-8.450114674109098,[-0.9454977   0.32562876 -1.291217  ]
191,[-0.9454977   0.32562876 -1.291217  ],[0.87888974],-8.063124571258854,[-0.9296131   0.36853698 -0.915162  ]
192,[-0.9296131   0.36853698 -0.915162  ],[1.3079367],-7.726031797005637,[-0.92123103  0.38901597 -0.44256878]
193,[-0.92123103  0.38901597 -0.44256878],[-1.9898831],-7.5422719671885705,[-0.9122603   0.40961105 -0.44928926]
194,[-0.9122603   0.40961105 -0.44928926],[-0.45956865],-7.416431123859216,[-0.9078878   0.41921315 -0.21101627]
195,[-0.9078878   0.41921315 -0.21101627],[1.109038],-7.344440662923127,[-0.91345924  0.40693027  0.26974928]
196,[-0.91345924  0.40693027  0.26974928],[-1.7591289],-7.422386290099724,[-0.9196778   0.3926738   0.31107765]
197,[-0.9196778   0.3926738   0.31107765],[-1.0996116],-7.507834232134841,[-0.92810535  0.37231773  0.44064125]
198,[-0.92810535  0.37231773  0.44064125],[0.03059515],-7.637500999319284,[-0.9409802   0.33846167  0.7244688 ]
199,[-0.9409802   0.33846167  0.7244688 ],[-0.62450045],-7.87223098322152,[-0.9550258   0.29652277  0.88464004]
200,[-0.9550258   0.29652277  0.88464004],[-1.0586774],-9.14755234909042,[-0.98928696 -0.14598411  0.43021116]
201,[-0.98928696 -0.14598411  0.43021116],[-0.86132216],-8.989784090178304,[-0.98784363 -0.15545093  0.19152474]
202,[-0.98784363 -0.15545093  0.19152474],[0.66127145],-8.917367920181379,[-0.98645276 -0.16404545  0.17412727]
203,[-0.98645276 -0.16404545  0.17412727],[-0.04976178],-8.864386927264736,[-0.98609257 -0.16619694  0.04362892]
204,[-0.98609257 -0.16619694  0.04362892],[0.12717825],-8.848576236111965,[-0.9866026  -0.16314213 -0.06194206]
205,[-0.9866026  -0.16314213 -0.06194206],[-1.1541066],-8.868520364257627,[-0.98936033 -0.1454857  -0.35741463]
206,[-0.98936033 -0.1454857  -0.35741463],[-1.5802559],-8.988823819022933,[-0.99386513 -0.11059879 -0.7035673 ]
207,[-0.99386513 -0.11059879 -0.7035673 ],[1.0358968],-9.236123213951048,[-0.99685985 -0.07918593 -0.6311319 ]
208,[-0.99685985 -0.07918593 -0.6311319 ],[1.0980858],-9.418865169119822,[-0.99859697 -0.05295372 -0.52580845]
209,[-0.99859697 -0.05295372 -0.52580845],[0.8371475],-9.567885663037247,[-0.9995201  -0.03097596 -0.43995163]
210,[-0.9995201  -0.03097596 -0.43995163],[0.78853256],-9.695882899275519,[-0.99990565 -0.0137353  -0.34490374]
211,[-0.99990565 -0.0137353  -0.34490374],[-1.1142482],-9.79662633211453,[-0.99992335  0.01238107 -0.52234244]
212,[-0.99992335  0.01238107 -0.52234244],[-0.14200874],-9.819267461420893,[-0.99923575  0.03908933 -0.5343579 ]
213,[-0.99923575  0.03908933 -0.5343579 ],[0.0868315],-9.654026474726898,[-0.99797183  0.06365702 -0.4920162 ]
214,[-0.99797183  0.06365702 -0.4920162 ],[1.5635991],-9.500075429922447,[-0.9972494   0.07411874 -0.20973358]
215,[-0.9972494   0.07411874 -0.20973358],[-1.574579],-9.415856938889142,[-0.99561304  0.09356628 -0.39033136]
216,[-0.99561304  0.09356628 -0.39033136],[-1.1003047],-9.306075774561638,[-0.9930504   0.11769006 -0.48520237]
217,[-0.9930504   0.11769006 -0.48520237],[1.835133],-9.169243336365899,[-0.99231607  0.12372882 -0.12166487]
218,[-0.99231607  0.12372882 -0.12166487],[-1.2927741],-9.10873504939252,[-0.9908763   0.13477454 -0.22278437]
219,[-0.9908763   0.13477454 -0.22278437],[-0.4471469],-9.043644653965739,[-0.98956007  0.14412105 -0.1887755 ]
220,[-0.98956007  0.14412105 -0.1887755 ],[0.45838457],-2.0872783717446044,[0.08913403 0.99601966 0.7410598 ]
221,[0.08913403 0.99601966 0.7410598 ],[1.9807054],-2.2538123133643313,[-6.5324393e-06  1.0000000e+00  1.7851803e+00]
222,[-6.5324393e-06  1.0000000e+00  1.7851803e+00],[-0.51457566],-2.7863732853522314,[-0.12259703  0.99245656  2.457994  ]
223,[-0.12259703  0.99245656  2.457994  ],[1.4320213],-3.474852470013633,[-0.28955626  0.957161    3.4171395 ]
224,[-0.28955626  0.957161    3.4171395 ],[-1.3924059],-4.6462053248082125,[-0.47068825  0.8822996   3.9261494 ]
225,[-0.47068825  0.8822996   3.9261494 ],[-0.59068286],-5.788986646838064,[-0.6556433  0.7550708  4.499272 ]
226,[-0.6556433  0.7550708  4.499272 ],[-0.8532408],-7.250094073297816,[-0.8202876   0.57195127  4.9375887 ]
227,[-0.8202876   0.57195127  4.9375887 ],[-1.0098572],-8.853618033838197,[-0.94001263  0.3411396   5.2150736 ]
228,[-0.94001263  0.3411396   5.2150736 ],[1.1451207],-10.524449905332702,[-0.9978232   0.06594624  5.6426964 ]
229,[-0.9978232   0.06594624  5.6426964 ],[1.879884],-12.646842361544243,[-0.97304434 -0.23061803  5.9741387 ]
230,[-0.97304434 -0.23061803  5.9741387 ],[-1.9192423],-12.03429875773877,[-0.8735356  -0.48676035  5.513289  ]
231,[-0.8735356  -0.48676035  5.513289  ],[-1.5996529],-9.976017643183699,[-0.7290997  -0.68440753  4.9082704 ]
232,[-0.7290997  -0.68440753  4.9082704 ],[-1.237937],-8.11224237582534,[-0.57002956 -0.82162416  4.2092743 ]
233,[-0.57002956 -0.82162416  4.2092743 ],[-0.82413834],-6.513279828007395,[-0.41965944 -0.90768164  3.4694355 ]
234,[-0.41965944 -0.90768164  3.4694355 ],[-1.1824598],-5.220577043229601,[-0.2979122  -0.95459324  2.6113052 ]
235,[-0.2979122  -0.95459324  2.6113052 ],[-1.1089952],-4.1923785621393055,[-0.2143773 -0.9767509  1.729011 ]
236,[-0.2143773 -0.9767509  1.729011 ],[1.5843098],-3.494292981289806,[-0.15373741 -0.98811173  1.2340944 ]
237,[-0.15373741 -0.98811173  1.2340944 ],[-0.31963068],-3.128529320118515,[-0.13171242 -0.99128795  0.44506592]
238,[-0.13171242 -0.99128795  0.44506592],[0.06274163],-2.919655423087394,[-0.14602172 -0.98928136 -0.2889888 ]
239,[-0.14602172 -0.98928136 -0.2889888 ],[-0.24924868],-2.9576771722361634,[-0.19863263 -0.98007405 -1.0683372 ]
240,[-0.19863263 -0.98007405 -1.0683372 ],[1.5561668],-3.5710426175030427,[-0.3435715  -0.9391265  -0.66746646]
241,[-0.3435715  -0.9391265  -0.66746646],[-0.564921],-3.7370848302477877,[-0.41099456 -0.9116378  -1.4565495 ]
242,[-0.41099456 -0.9116378  -1.4565495 ],[1.7864157],-4.192741282905567,[-0.494414  -0.8692266 -1.8723155]
243,[-0.494414  -0.8692266 -1.8723155],[-0.28841108],-4.710203552714729,[-0.60162616 -0.79877776 -2.567497  ]
244,[-0.60162616 -0.79877776 -2.567497  ],[-0.18217075],-5.571363563553402,[-0.72099054 -0.69294494 -3.193906  ]
245,[-0.72099054 -0.69294494 -3.193906  ],[-1.3886248],-6.667536209180621,[-0.84218675 -0.53918594 -3.9219084 ]
246,[-0.84218675 -0.53918594 -3.9219084 ],[0.41856357],-8.15412559047719,[-0.9371957 -0.3488039 -4.2635136]
247,[-0.9371957 -0.3488039 -4.2635136],[0.3362381],-9.575753194305031,[-0.99122673 -0.13217263 -4.4746804 ]
248,[-0.99122673 -0.13217263 -4.4746804 ],[0.11025409],-11.056563150634524,[-0.9954621   0.09515887 -4.557272  ]
249,[-0.9954621   0.09515887 -4.557272  ],[-0.5449705],-11.357049942659124,[-0.94806963  0.3180628  -4.5676484 ]
250,[-0.94806963  0.3180628  -4.5676484 ],[-0.33031216],-10.02705102789596,[-0.8563598  0.5163796 -4.3786483]
251,[-0.8563598  0.5163796 -4.3786483],[-0.69970065],-8.67241526430151,[-0.7334357   0.67975885 -4.0963182 ]
252,[-0.7334357   0.67975885 -4.0963182 ],[1.586282],-7.412495304782556,[-0.6099002  0.7924782 -3.348557 ]
253,[-0.6099002  0.7924782 -3.348557 ],[-0.41328067],-6.079785076855778,[-0.49264374  0.8702311  -2.8161905 ]
254,[-0.49264374  0.8702311  -2.8161905 ],[1.3509414],-5.1459862469883575,[-0.40509373  0.91427517 -1.9608759 ]
255,[-0.40509373  0.91427517 -1.9608759 ],[-0.8874028],-4.336948538161833,[-0.3397653  0.9405103 -1.4082799]
256,[-0.3397653  0.9405103 -1.4082799],[-0.43534017],-3.875181690351043,[-0.30339867  0.9528637  -0.7681983 ]
257,[-0.30339867  0.9528637  -0.7681983 ],[0.5705881],-3.590181450413202,[-0.30492467  0.9523765   0.03203772]
258,[-0.30492467  0.9523765   0.03203772],[-0.37810698],-3.5371112510323384,[-0.33757505  0.9412986   0.68960404]
259,[-0.33757505  0.9412986   0.68960404],[0.6812953],-3.715764834075699,[-0.40705556  0.9134034   1.4977723 ]
260,[-0.40705556  0.9134034   1.4977723 ],[-0.13251263],-7.14396222535487,[-0.90710986  0.4208939   0.7584506 ]
261,[-0.90710986  0.4208939   0.7584506 ],[1.2140006],-7.387725176439665,[-0.93174046  0.36312485  1.2562212 ]
262,[-0.93174046  0.36312485  1.2562212 ],[-1.0323974],-7.831626316358384,[-0.95446527  0.2983221   1.3737053 ]
263,[-0.95446527  0.2983221   1.3737053 ],[0.2483587],-8.246749912894721,[-0.97563505  0.21939977  1.6347007 ]
264,[-0.97563505  0.21939977  1.6347007 ],[1.0939187],-8.79711917152755,[-0.99244106  0.12272213  1.9633383 ]
265,[-0.99244106  0.12272213  1.9633383 ],[-1.6940287],-9.500046093840021,[-0.9994566   0.03296254  1.8012755 ]
266,[-0.9994566   0.03296254  1.8012755 ],[0.05453368],-9.988006357719357,[-0.9982753  -0.05870659  1.8341775 ]
267,[-0.9982753  -0.05870659  1.8341775 ],[1.2209545],-9.841889704925343,[-0.9876374  -0.15675572  1.9732907 ]
268,[-0.9876374  -0.15675572  1.9732907 ],[-0.510127],-9.295024436218618,[-0.9698053  -0.24388047  1.7792048 ]
269,[-0.9698053  -0.24388047  1.7792048 ],[1.2472075],-8.700454888869066,[-0.9442346  -0.32927337  1.7833756 ]
270,[-0.9442346  -0.32927337  1.7833756 ],[0.99191695],-8.192992377192104,[-0.9131728  -0.40757266  1.6852082 ]
271,[-0.9131728  -0.40757266  1.6852082 ],[0.85339457],-7.692907050000081,[-0.87988734 -0.47518232  1.5075378 ]
272,[-0.87988734 -0.47518232  1.5075378 ],[0.11294791],-7.230826178314919,[-0.85065   -0.5257324  1.1680933]
273,[-0.85065   -0.5257324  1.1680933],[-0.10766432],-6.834286553223644,[-0.83012855 -0.557572    0.75764436]
274,[-0.83012855 -0.557572    0.75764436],[-1.1065062],-6.561813044521207,[-0.82526076 -0.56475186  0.1734894 ]
275,[-0.82526076 -0.56475186  0.1734894 ],[0.8076906],-6.46268152458675,[-0.828884   -0.5594205  -0.12892091]
276,[-0.828884   -0.5594205  -0.12892091],[-1.940573],-6.497253474874747,[-0.85163057 -0.5241425  -0.83957225]
277,[-0.85163057 -0.5241425  -0.83957225],[-1.5568231],-6.780414781069795,[-0.88773364 -0.46035743 -1.4662026 ]
278,[-0.88773364 -0.46035743 -1.4662026 ],[-0.59121317],-7.307931419609451,[-0.92740184 -0.37406665 -1.9001527 ]
279,[-0.92740184 -0.37406665 -1.9001527 ],[-1.2781049],-7.970372573667935,[-0.9651529  -0.26168656 -2.3724184 ]
280,[-0.9651529  -0.26168656 -2.3724184 ],[0.93150485],-4.888424720189124,[-0.5790182  -0.81531465  0.22945288]
281,[-0.5790182  -0.81531465  0.22945288],[-0.4451],-4.794208564601517,[-0.5971664  -0.80211735 -0.4487981 ]
282,[-0.5971664  -0.80211735 -0.4487981 ],[1.9496754],-4.911403742185448,[-0.627128  -0.7789162 -0.7579348]
283,[-0.627128  -0.7789162 -0.7579348],[-1.682172],-5.116734120423982,[-0.68716747 -0.726499   -1.5944477 ]
284,[-0.68716747 -0.726499   -1.5944477 ],[0.5764432],-5.675908793182714,[-0.7579898 -0.6522664 -2.0528555]
285,[-0.7579898 -0.6522664 -2.0528555],[0.35367438],-6.331414986234733,[-0.83309287 -0.55313313 -2.4890041 ]
286,[-0.83309287 -0.55313313 -2.4890041 ],[0.22683269],-7.15000419235901,[-0.90362877 -0.4283165  -2.8698292 ]
287,[-0.90362877 -0.4283165  -2.8698292 ],[-0.42002922],-8.108173550184937,[-0.9610761  -0.27628392 -3.2540708 ]
288,[-0.9610761  -0.27628392 -3.2540708 ],[1.9664146],-9.251904082741257,[-0.9926147  -0.12130978 -3.1663215 ]
289,[-0.9926147  -0.12130978 -3.1663215 ],[-1.0546851],-10.123971074886187,[-0.9987916   0.04914623 -3.4155066 ]
290,[-0.9987916   0.04914623 -3.4155066 ],[0.07814841],-10.729677087134696,[-0.97643733  0.21580118 -3.3669248 ]
291,[-0.97643733  0.21580118 -3.3669248 ],[0.85700285],-9.684598750113064,[-0.9318425   0.36286297 -3.0765235 ]
292,[-0.9318425   0.36286297 -3.0765235 ],[-1.9601017],-8.624650017247204,[-0.86469275  0.5023012  -3.0983915 ]
293,[-0.86469275  0.5023012  -3.0983915 ],[-1.3981975],-7.801933167912592,[-0.78206253  0.6232     -2.9313953 ]
294,[-0.78206253  0.6232     -2.9313953 ],[0.5126451],-6.95437058306484,[-0.70229316  0.71188784 -2.3870986 ]
295,[-0.70229316  0.71188784 -2.3870986 ],[-1.6651632],-6.092323783462214,[-0.6236988  0.7816648 -2.102957 ]
296,[-0.6236988  0.7816648 -2.102957 ],[-0.65860087],-5.479388950060065,[-0.55859494  0.8294406  -1.6154985 ]
297,[-0.55859494  0.8294406  -1.6154985 ],[-0.08546001],-4.94166760649901,[-0.51617503  0.85648316 -1.0062371 ]
298,[-0.51617503  0.85648316 -1.0062371 ],[-1.1388706],-4.56805825112183,[-0.49309498  0.8699755  -0.5347054 ]
299,[-0.49309498  0.8699755  -0.5347054 ],[1.3677875],-4.383693888860223,[-0.50707775  0.8619003   0.32294437]
300,[-0.50707775  0.8619003   0.32294437],[-1.1919687],-0.013033721027521945,[ 0.99782765  0.06587862 -0.33535442]
301,[ 0.99782765  0.06587862 -0.33535442],[-0.67865294],-0.016053114726218735,[ 0.9989172  0.0465224 -0.3877434]
302,[ 0.9989172  0.0465224 -0.3877434],[-1.5584128],-0.019629041782706202,[ 0.99985194  0.01720767 -0.58661354]
303,[ 0.99985194  0.01720767 -0.58661354],[-1.5576038],-0.0371338052440465,[ 0.99973184 -0.02315683 -0.8073484 ]
304,[ 0.99973184 -0.02315683 -0.8073484 ],[-0.2670943],-0.06578880868526822,[ 0.9977965  -0.06634913 -0.8647801 ]
305,[ 0.9977965  -0.06634913 -0.8647801 ],[0.9186668],-0.08003709412263871,[ 0.9944679  -0.10504087 -0.7767419 ]
306,[ 0.9944679  -0.10504087 -0.7767419 ],[-0.33185914],-0.07151733938291868,[ 0.9886962  -0.14993258 -0.90530145]
307,[ 0.9886962  -0.14993258 -0.90530145],[1.6741632],-0.10741016808480688,[ 0.9822243 -0.1877112 -0.7666264]
308,[ 0.9822243 -0.1877112 -0.7666264],[-1.5194086],-0.09673750218653562,[ 0.9699922  -0.24313588 -1.1353211 ]
309,[ 0.9699922  -0.24313588 -1.1353211 ],[1.4538087],-0.19132706264907381,[ 0.9551657 -0.2960719 -1.0996017]
310,[ 0.9551657 -0.2960719 -1.0996017],[-1.3265499],-0.21301897786020457,[ 0.9299169  -0.36776966 -1.5206381 ]
311,[ 0.9299169  -0.36776966 -1.5206381 ],[1.5771409],-0.37555606711962575,[ 0.89843494 -0.4391067  -1.5598942 ]
312,[ 0.89843494 -0.4391067  -1.5598942 ],[-0.96954876],-0.4509319485907372,[ 0.8491952  -0.52807915 -2.0346565 ]
313,[ 0.8491952  -0.52807915 -2.0346565 ],[0.49648562],-0.7237400526013991,[ 0.7812384 -0.6242328 -2.3562431]
314,[ 0.7812384 -0.6242328 -2.3562431],[0.8201838],-1.0103378751481475,[ 0.69006413 -0.7237482  -2.70139   ]
315,[ 0.69006413 -0.7237482  -2.70139   ],[-0.74620724],-1.3851424532329306,[ 0.5594906 -0.8288367 -3.3561323]
316,[ 0.5594906 -0.8288367 -3.3561323],[0.62386906],-2.081329956076567,[ 0.389015   -0.92123145 -3.8841796 ]
317,[ 0.389015   -0.92123145 -3.8841796 ],[-1.8884174],-2.8840407385576885,[ 0.15600401 -0.98775643 -4.8583655 ]
318,[ 0.15600401 -0.98775643 -4.8583655 ],[-1.1013802],-4.3614120205194915,[-0.13119636 -0.9913564  -5.76439   ]
319,[-0.13119636 -0.9913564  -5.76439   ],[1.3199722],-6.222631973737319,[-0.4323265 -0.9017171 -6.3099113]
320,[-0.4323265 -0.9017171 -6.3099113],[0.7230182],-4.154356962715296,[-0.4508848  -0.8925822  -0.10991418]
321,[-0.4508848  -0.8925822  -0.10991418],[-1.2202921],-4.15839434273932,[-0.49329713 -0.8698609  -0.9623946 ]
322,[-0.49329713 -0.8698609  -0.9623946 ],[-0.23187432],-4.446875944077579,[-0.56328374 -0.8262635  -1.6495714 ]
323,[-0.56328374 -0.8262635  -1.6495714 ],[-0.4625994],-4.977538658286422,[-0.65583456 -0.7549046  -2.338659  ]
324,[-0.65583456 -0.7549046  -2.338659  ],[1.8043437],-5.77636806362897,[-0.74929506 -0.66223633 -2.6341858 ]
325,[-0.74929506 -0.66223633 -2.6341858 ],[-1.3769679],-6.541513748750863,[-0.8488824 -0.5285818 -3.3374083]
326,[-0.8488824 -0.5285818 -3.3374083],[0.5400824],-7.794607358677861,[-0.9307684  -0.36560935 -3.6528323 ]
327,[-0.9307684  -0.36560935 -3.6528323 ],[-1.2799166],-8.993935045117924,[-0.98586494 -0.16754214 -4.1190267 ]
328,[-0.98586494 -0.16754214 -4.1190267 ],[-1.6034043],-10.539463966548329,[-0.9984367   0.05589452 -4.485194  ]
329,[-0.9984367   0.05589452 -4.485194  ],[-0.50186443],-11.53330153819414,[-0.9605422   0.27813438 -4.518553  ]
330,[-0.9605422   0.27813438 -4.518553  ],[-1.1796542],-10.221244123061913,[-0.87459505  0.48485407 -4.4869003 ]
331,[-0.87459505  0.48485407 -4.4869003 ],[0.96497035],-8.959472353780866,[-0.7615325  0.6481268 -3.978514 ]
332,[-0.7615325  0.6481268 -3.978514 ],[-1.0586863],-7.520367401047024,[-0.63121074  0.7756114  -3.651222  ]
333,[-0.63121074  0.7756114  -3.651222  ],[-1.6139127],-6.415855100051522,[-0.4947379  0.8690422 -3.3116002]
334,[-0.4947379  0.8690422 -3.3116002],[0.10807496],-5.45780155154525,[-0.3758861   0.92666584 -2.6436074 ]
335,[-0.3758861   0.92666584 -2.6436074 ],[0.5651968],-4.525704977367907,[-0.28802273  0.9576236  -1.8638284 ]
336,[-0.28802273  0.9576236  -1.8638284 ],[1.2970973],-3.819679644132076,[-0.24217708  0.97023207 -0.95104617]
337,[-0.24217708  0.97023207 -0.95104617],[-1.0219495],-3.387190137242073,[-0.22386262  0.9746207  -0.37666455]
338,[-0.22386262  0.9746207  -0.37666455],[0.16871539],-3.2418877628568703,[-0.24231988  0.9701964   0.3796083 ]
339,[-0.24231988  0.9701964   0.3796083 ],[1.0712025],-3.311789028072225,[-0.30329925  0.95289534  1.267936  ]
340,[-0.30329925  0.95289534  1.267936  ],[-0.01920964],-9.546040105025902,[-0.99957633  0.02910693  0.53641915]
341,[-0.99957633  0.02910693  0.53641915],[-1.0712124],-9.71746385931576,[-0.9999574   0.00923253  0.39756748]
342,[-0.9999574   0.00923253  0.39756748],[-1.7764299],-9.830640806928258,[-0.99999726  0.00233129  0.1380274 ]
343,[-0.99999726  0.00233129  0.1380274 ],[-0.7579555],-9.85744154741354,[-0.99999946  0.00102716  0.02608255]
344,[-0.99999946  0.00102716  0.02608255],[-0.04694944],-9.863221823800355,[-1.0000000e+00  3.6639329e-05  1.9810509e-02]
345,[-1.0000000e+00  3.6639329e-05  1.9810509e-02],[-1.7099069],-9.872337218094017,[-0.99992955  0.01186876 -0.23664805]
346,[-0.99992955  0.01186876 -0.23664805],[0.11385269],-9.800783077835998,[-0.99974906  0.0224006  -0.21066858]
347,[-0.99974906  0.0224006  -0.21066858],[0.4937111],-9.734029272497418,[-0.99959695  0.02838923 -0.11981146]
348,[-0.99959695  0.02838923 -0.11981146],[0.511245],-9.693708660788587,[-0.99956536  0.02948041 -0.02183279]
349,[-0.99956536  0.02948041 -0.02183279],[1.849899],-9.688685813511688,[-0.99987835  0.01559593  0.27776238]
350,[-0.99987835  0.01559593  0.27776238],[-1.8564422],-9.783013122868727,[-0.9998868   0.01504635  0.010993  ]
351,[-0.9998868   0.01504635  0.010993  ],[1.8566641],-9.778747545708821,[-1.0000000e+00  8.0460641e-06  3.0077738e-01]
352,[-1.0000000e+00  8.0460641e-06  3.0077738e-01],[-1.5312208],-9.880945185713836,[-0.9999937  -0.00354696  0.07110028]
353,[-0.9999937  -0.00354696  0.07110028],[0.39783022],-9.847994518861702,[-0.99995047 -0.00995253  0.1281146 ]
354,[-0.99995047 -0.00995253  0.1281146 ],[0.8508578],-9.809534107613327,[-0.9997499  -0.02236478  0.24827886]
355,[-0.9997499  -0.02236478  0.24827886],[0.291428],-9.735820088799946,[-0.99934745 -0.03611976  0.27521947]
356,[-0.99934745 -0.03611976  0.27521947],[0.63102543],-9.651885876687755,[-0.99858165 -0.0532416   0.34278348]
357,[-0.99858165 -0.0532416   0.34278348],[-0.2638876],-9.549576335875829,[-0.99779433 -0.06638139  0.26326913]
358,[-0.99779433 -0.06638139  0.26326913],[1.7459176],-9.466603128745419,[-0.99593484 -0.09007652  0.4753707 ]
359,[-0.99593484 -0.09007652  0.4753707 ],[-1.7992706],-9.336839670371083,[-0.99529    -0.09694243  0.13792273]
360,[-0.99529    -0.09694243  0.13792273],[0.8036447],-4.272586456226299,[-0.51230824  0.8588016   0.83758277]
361,[-0.51230824  0.8588016   0.83758277],[-0.8241689],-4.517309170104625,[-0.569398   0.822062   1.3580587]
362,[-0.569398   0.822062   1.3580587],[1.5898272],-4.924415436593439,[-0.6566945  0.7541567  2.2130792]
363,[-0.6566945  0.7541567  2.2130792],[-0.17000434],-5.721192850249117,[-0.7539716  0.6569071  2.7531962]
364,[-0.7539716  0.6569071  2.7531962],[1.0263515],-6.639122012051372,[-0.85423553  0.5198862   3.3998291 ]
365,[-0.85423553  0.5198862   3.3998291 ],[-1.0417466],-7.890344823520058,[-0.9341082   0.35699007  3.6334817 ]
366,[-0.9341082   0.35699007  3.6334817 ],[-1.4306685],-9.031490147790336,[-0.9837159   0.17973047  3.686624  ]
367,[-0.9837159   0.17973047  3.686624  ],[-1.172501],-10.12730605346686,[-9.9999875e-01 -1.5648867e-03  3.6455469e+00]
368,[-9.9999875e-01 -1.5648867e-03  3.6455469e+00],[-0.6045993],-11.189141079828007,[-0.98397785 -0.17829071  3.5536833 ]
369,[-0.98397785 -0.17829071  3.5536833 ],[-1.4888613],-10.04056280615977,[-0.9430608 -0.3326204  3.196636 ]
370,[-0.9430608 -0.3326204  3.196636 ],[1.9085599],-8.87956319228946,[-0.87722105 -0.48008674  3.2334547 ]
371,[-0.87722105 -0.48008674  3.2334547 ],[0.29518732],-8.019641042044938,[-0.79811454 -0.60250574  2.9176679 ]
372,[-0.79811454 -0.60250574  2.9176679 ],[1.0277195],-7.077138554318444,[-0.7125753  -0.70159566  2.6199465 ]
373,[-0.7125753  -0.70159566  2.6199465 ],[1.7424893],-6.277747292872295,[-0.62521416 -0.78045326  2.355123  ]
374,[-0.62521416 -0.78045326  2.355123  ],[-0.30790684],-5.600179615605272,[-0.5557177  -0.83137107  1.723597  ]
375,[-0.5557177  -0.83137107  1.723597  ],[-1.5988284],-4.965331505427376,[-0.5194557  -0.85449743  0.8602445 ]
376,[-0.5194557  -0.85449743  0.8602445 ],[1.346884],-4.557548035270229,[-0.50133723 -0.86525196  0.4214041 ]
377,[-0.50133723 -0.86525196  0.4214041 ],[-1.5665054],-4.4131762344038385,[-0.52121085 -0.85342795 -0.4625107 ]
378,[-0.52121085 -0.85342795 -0.4625107 ],[-0.4789956],-4.512059461674854,[-0.5703983 -0.8213682 -1.174431 ]
379,[-0.5703983 -0.8213682 -1.174431 ],[-0.3188387],-4.880786723221137,[-0.6433797 -0.7655473 -1.838283 ]
380,[-0.6433797 -0.7655473 -1.838283 ],[-0.65726674],-0.11138976447331608,[ 0.99829185  0.05842466 -1.0122457 ]
381,[ 0.99829185  0.05842466 -1.0122457 ],[1.208624],-0.10734222306277455,[ 0.99981755  0.01910011 -0.7871335 ]
382,[ 0.99981755  0.01910011 -0.7871335 ],[-0.7886375],-0.06294472599514006,[ 0.99967605 -0.02545118 -0.89110404]
383,[ 0.99967605 -0.02545118 -0.89110404],[1.0399845],-0.0811361159153287,[ 0.99800587 -0.06312168 -0.7541948 ]
384,[ 0.99800587 -0.06312168 -0.7541948 ],[-1.2879219],-0.06252936890035697,[ 0.99363357 -0.11266019 -0.99472433]
385,[ 0.99363357 -0.11266019 -0.99472433],[-1.2716409],-0.1133111031656062,[ 0.98448217 -0.17548478 -1.2699656 ]
386,[ 0.98448217 -0.17548478 -1.2699656 ],[-1.8510774],-0.19582406454295148,[ 0.9662973  -0.25742865 -1.6792408 ]
387,[ 0.9662973  -0.25742865 -1.6792408 ],[-1.8883166],-0.3533381445492903,[ 0.932999  -0.359879  -2.1555598]
388,[ 0.932999  -0.359879  -2.1555598],[-1.1700107],-0.6015384498599464,[ 0.87845045 -0.47783345 -2.6009705 ]
389,[ 0.87845045 -0.47783345 -2.6009705 ],[0.2354664],-0.924750276802324,[ 0.79946756 -0.60070926 -2.9240258 ]
390,[ 0.79946756 -0.60070926 -2.9240258 ],[-1.9902598],-1.274189706279606,[ 0.6763187 -0.7366091 -3.6730967]
391,[ 0.6763187 -0.7366091 -3.6730967],[1.6221423],-2.0374502280561453,[ 0.51725626 -0.8558306  -3.982232  ]
392,[ 0.51725626 -0.8558306  -3.982232  ],[1.2822417],-2.6425077346659926,[ 0.3165151 -0.9485875 -4.431769 ]
393,[ 0.3165151 -0.9485875 -4.431769 ],[-0.27910036],-3.523494249104421,[ 0.06275843 -0.99802876 -5.1850743 ]
394,[ 0.06275843 -0.99802876 -5.1850743 ],[1.869353],-4.966048083871441,[-0.21809295 -0.975928   -5.653193  ]
395,[-0.21809295 -0.975928   -5.653193  ],[0.78115755],-6.402919376366371,[-0.50834185 -0.86115533 -6.2679653 ]
396,[-0.50834185 -0.86115533 -6.2679653 ],[0.29666352],-8.355872726818943,[-0.76864797 -0.639672   -6.8693323 ]
397,[-0.76864797 -0.639672   -6.8693323 ],[0.24323523],-10.70919195794921,[-0.94654626 -0.32256815 -7.312601  ]
398,[-0.94654626 -0.32256815 -7.312601  ],[-1.8203028],-13.264547026130742,[-0.9980201   0.06289568 -7.827573  ]
399,[-0.9980201   0.06289568 -7.827573  ],[-1.9187865],-15.60889048913146,[-0.89474463  0.4465781  -8.        ]
400,[-0.89474463  0.4465781  -8.        ],[1.3916466],-0.18648368652796973,[0.9198083  0.39236802 0.02348124]
401,[0.9198083  0.39236802 0.02348124],[-0.937217],-0.1635075166185639,[0.91629636 0.40050086 0.17717472]
402,[0.91629636 0.40050086 0.17717472],[-0.1855116],-0.17296975100036094,[0.9070598  0.42100188 0.44972363]
403,[0.9070598  0.42100188 0.44972363],[1.9542966],-0.21287775074626694,[0.8835158 0.4684014 1.0586195]
404,[0.8835158 0.4684014 1.0586195],[1.6715351],-0.3524988588149793,[0.84162396 0.540064   1.6606508 ]
405,[0.84162396 0.540064   1.6606508 ],[1.7752209],-0.6044127402061059,[0.773081  0.6343073 2.331982 ]
406,[0.773081  0.6343073 2.331982 ],[1.9232491],-1.019636054143213,[0.6660302 0.7459247 3.0961998]
407,[0.6660302 0.7459247 3.0961998],[1.8248038],-1.6708082282318868,[0.50760776 0.8615883  3.929364  ]
408,[0.50760776 0.8615883  3.929364  ],[-0.05955122],-2.622248262346273,[0.29941055 0.9541244  4.5666223 ]
409,[0.29941055 0.9541244  4.5666223 ],[1.1232654],-3.6912492257734115,[0.0315343  0.99950266 5.4507055 ]
410,[0.0315343  0.99950266 5.4507055 ],[-0.61851275],-5.340713173971641,[-0.27042866  0.96274     6.107556  ]
411,[-0.27042866  0.96274     6.107556  ],[-1.351853],-7.134727864976982,[-0.56891    0.8223998  6.626833 ]
412,[-0.56891    0.8223998  6.626833 ],[0.43222046],-9.126550512054896,[-0.82522655  0.5648019   7.3084655 ]
413,[-0.82522655  0.5648019   7.3084655 ],[-0.69822836],-11.800565911727137,[-0.97615284  0.21708427  7.6273327 ]
414,[-0.97615284  0.21708427  7.6273327 ],[0.59045905],-14.360531073419876,[-0.98470753 -0.17421569  7.878715  ]
415,[-0.98470753 -0.17421569  7.878715  ],[0.9884693],-15.008415768165296,[-0.84194124 -0.53956926  7.8963237 ]
416,[-0.84194124 -0.53956926  7.8963237 ],[1.6435446],-12.851366147042187,[-0.5761104 -0.8173719  7.7381783]
417,[-0.5761104 -0.8173719  7.7381783],[-0.5252063],-10.761385086454116,[-0.25866857 -0.96596617  7.0463686 ]
418,[-0.25866857 -0.96596617  7.0463686 ],[0.47940385],-8.323196622852596,[ 0.05801403 -0.99831575  6.3938046 ]
419,[ 0.05801403 -0.99831575  6.3938046 ],[-1.4616896],-6.378621612551075,[ 0.32341602 -0.9462569   5.425814  ]
420,[ 0.32341602 -0.9462569   5.425814  ],[-0.7273487],-0.13681196769772466,[ 0.94445187 -0.3286498   0.0975853 ]
421,[ 0.94445187 -0.3286498   0.0975853 ],[0.09516149],-0.11310166681036968,[ 0.9422182  -0.33499977 -0.13462782]
422,[ 0.9422182  -0.33499977 -0.13462782],[-0.96462023],-0.11943692068155808,[ 0.9330007  -0.35987464 -0.5305707 ]
423,[ 0.9330007  -0.35987464 -0.5305707 ],[-1.298173],-0.16535806237800155,[ 0.9139458  -0.40583625 -0.9952026 ]
424,[ 0.9139458  -0.40583625 -0.9952026 ],[-1.549376],-0.2760784838145442,[ 0.88020945 -0.4745854  -1.5319862 ]
425,[ 0.88020945 -0.4745854  -1.5319862 ],[-0.8978447],-0.4800275742082696,[ 0.82779914 -0.5610246  -2.0226018 ]
426,[ 0.82779914 -0.5610246  -2.0226018 ],[-0.04043866],-0.763860315703021,[ 0.7530606 -0.6579512 -2.4494362]
427,[ 0.7530606 -0.6579512 -2.4494362],[0.7846289],-1.1162496465981222,[ 0.652926  -0.7574217 -2.8252053]
428,[ 0.652926  -0.7574217 -2.8252053],[-0.04509707],-1.5366717372525902,[ 0.5153701  -0.85696775 -3.400036  ]
429,[ 0.5153701  -0.85696775 -3.400036  ],[-1.2735901],-2.2172222403070507,[ 0.32380593 -0.94612354 -4.2338004 ]
430,[ 0.32380593 -0.94612354 -4.2338004 ],[-1.565008],-3.3351533469862353,[ 0.07078293 -0.9974917  -5.1781445 ]
431,[ 0.07078293 -0.9974917  -5.1781445 ],[0.80281353],-4.9318247636963655,[-0.21769273 -0.97601736 -5.805841  ]
432,[-0.21769273 -0.97601736 -5.805841  ],[0.39524147],-6.575916697494319,[-0.51703066 -0.8559669  -6.4785676 ]
433,[-0.51703066 -0.8559669  -6.4785676 ],[1.3589737],-8.668765137754024,[-0.7765762 -0.6300233 -6.916697 ]
434,[-0.7765762 -0.6300233 -6.916697 ],[1.5041101],-10.837978456285205,[-0.94815934 -0.31779528 -7.163598  ]
435,[-0.94815934 -0.31779528 -7.163598  ],[-0.8181358],-13.07457396159668,[-0.99860483  0.05280535 -7.524665  ]
436,[-0.99860483  0.05280535 -7.524665  ],[0.6643423],-15.202954457186229,[-0.9122305  0.4096774 -7.3854094]
437,[-0.9122305  0.4096774 -7.3854094],[0.81931794],-12.850736583758069,[-0.71800596  0.69603693 -6.9552536 ]
438,[-0.71800596  0.69603693 -6.9552536 ],[1.0737768],-10.463809496617555,[-0.46826422  0.8835885  -6.2721596 ]
439,[-0.46826422  0.8835885  -6.2721596 ],[1.6444405],-8.17256710437355,[-0.21743438  0.97607493 -5.362802  ]
440,[-0.21743438  0.97607493 -5.362802  ],[1.0810612],-0.027240047682086745,[ 0.99995136 -0.00986293 -0.34247983]
441,[ 0.99995136 -0.00986293 -0.34247983],[1.6692933],-0.014613063778863525,[ 0.9998899  -0.0148367  -0.09948304]
442,[ 0.9998899  -0.0148367  -0.09948304],[0.4664856],-0.0014274400803948835,[ 0.9998577  -0.01686833 -0.04063772]
443,[ 0.9998577  -0.01686833 -0.04063772],[-1.0242074],-0.0014987107706477347,[ 0.9996297  -0.02721178 -0.20692007]
444,[ 0.9996297  -0.02721178 -0.20692007],[-0.85905594],-0.005760232426952277,[ 0.99898654 -0.04500929 -0.35618728]
445,[ 0.99898654 -0.04500929 -0.35618728],[0.662315],-0.015152805889218177,[ 0.9982272  -0.05951915 -0.29059702]
446,[ 0.9982272  -0.05951915 -0.29059702],[-0.98216337],-0.012956028044652977,[ 0.9965007  -0.08358476 -0.48256087]
447,[ 0.9965007  -0.08358476 -0.48256087],[-1.0130435],-0.03131550116349421,[ 0.99298203 -0.11826526 -0.69720596]
448,[ 0.99298203 -0.11826526 -0.69720596],[-0.6373457],-0.06306819837145537,[ 0.9868068  -0.16190225 -0.8815068 ]
449,[ 0.9868068  -0.16190225 -0.8815068 ],[-0.9818482],-0.10511407034372358,[ 0.97586936 -0.21835509 -1.1502107 ]
450,[ 0.97586936 -0.21835509 -1.1502107 ],[1.8789669],-0.1842855668904104,[ 0.9633066  -0.26840335 -1.032132  ]
451,[ 0.9633066  -0.26840335 -1.032132  ],[-0.15178858],-0.18039268120205815,[ 0.9445597  -0.32833973 -1.2562028 ]
452,[ 0.9445597  -0.32833973 -1.2562028 ],[1.4212003],-0.2717449088354031,[ 0.9214464  -0.38850555 -1.2892776 ]
453,[ 0.9214464  -0.38850555 -1.2892776 ],[1.0884889],-0.32661678314058884,[ 0.8916234  -0.45277783 -1.4173833 ]
454,[ 0.8916234  -0.45277783 -1.4173833 ],[-0.27804467],-0.421760518715704,[ 0.84735495 -0.5310269  -1.7986734 ]
455,[ 0.84735495 -0.5310269  -1.7986734 ],[-0.07485282],-0.6369176932744733,[ 0.7836847 -0.6211589 -2.2081716]
456,[ 0.7836847 -0.6211589 -2.2081716],[0.10720355],-0.9368092720829952,[ 0.6944662  -0.71952534 -2.6579602 ]
457,[ 0.6944662  -0.71952534 -2.6579602 ],[1.8182099],-1.3547805728138589,[ 0.5822017  -0.81304437 -2.9248726 ]
458,[ 0.5822017  -0.81304437 -2.9248726 ],[-1.3010874],-1.7584694771977523,[ 0.42135885 -0.906894   -3.729819  ]
459,[ 0.42135885 -0.906894   -3.729819  ],[1.8535396],-2.6847530601803884,[ 0.226366  -0.9740423 -4.1319585]
460,[ 0.226366  -0.9740423 -4.1319585],[-0.9199774],-1.1671562181283803,[0.43685123 0.89953375 0.93247145]
461,[0.43685123 0.89953375 0.93247145],[1.2842066],-1.3400916190256735,[0.35424593 0.9351523  1.7997528 ]
462,[0.35424593 0.9351523  1.7997528 ],[0.40004665],-1.7849994889278729,[0.23192035 0.9727348  2.561124  ]
463,[0.23192035 0.9727348  2.561124  ],[0.32820833],-2.442930338907582,[0.06700584 0.9977526  3.3399062 ]
464,[0.06700584 0.9977526  3.3399062 ],[-1.6629598],-3.379497590604263,[-0.1245584  0.9922123  3.8387768]
465,[-0.1245584  0.9922123  3.8387768],[-0.2464679],-4.349009034744286,[-0.34494582  0.9386226   4.5459657 ]
466,[-0.34494582  0.9386226   4.5459657 ],[0.07975129],-5.764428870404271,[-0.5771838  0.8166143  5.2618957]
467,[-0.5771838  0.8166143  5.2618957],[1.7123668],-7.550598026984187,[-0.7967128   0.60435814  6.1312113 ]
468,[-0.7967128   0.60435814  6.1312113 ],[-0.4555648],-9.97260042973032,[-0.94823897  0.31755763  6.516145  ]
469,[-0.94823897  0.31755763  6.516145  ],[-1.504453],-12.19188183152086,[-9.9999464e-01 -3.2795693e-03  6.5286455e+00]
470,[-9.9999464e-01 -3.2795693e-03  6.5286455e+00],[-0.931319],-14.11219733172799,[-0.9484131  -0.31703725  6.386488  ]
471,[-0.9484131  -0.31703725  6.386488  ],[1.5601338],-12.02785389884469,[-0.80105513 -0.59859055  6.38273   ]
472,[-0.80105513 -0.59859055  6.38273   ],[-1.848266],-10.326601206491612,[-0.6021797 -0.7983606  5.656547 ]
473,[-0.6021797 -0.7983606  5.656547 ],[-0.65832984],-8.11528504822241,[-0.3878309 -0.9217305  4.9590273]
474,[-0.3878309 -0.9217305  4.9590273],[-0.6843242],-6.336913728390796,[-0.18888159 -0.9819999   4.1650805 ]
475,[-0.18888159 -0.9819999   4.1650805 ],[-1.1692463],-4.836641940160935,[-0.02736001 -0.9996256   3.2531939 ]
476,[-0.02736001 -0.9996256   3.2531939 ],[-0.13318607],-3.612459329262937,[ 0.09666026 -0.99531746  2.4834967 ]
477,[ 0.09666026 -0.99531746  2.4834967 ],[0.03484698],-2.789408322543899,[ 0.182888   -0.98313373  1.7422357 ]
478,[ 0.182888   -0.98313373  1.7422357 ],[-1.154744],-2.2282890294880513,[ 0.22360043 -0.9746809   0.83167374]
479,[ 0.22360043 -0.9746809   0.83167374],[0.549629],-1.8792739099453437,[ 0.2325145  -0.97259295  0.1831074 ]
480,[ 0.2325145  -0.97259295  0.1831074 ],[0.3593767],-7.054508162954169,[-0.89540744  0.44524768  0.4851516 ]
481,[-0.89540744  0.44524768  0.4851516 ],[1.6754333],-7.209504346844451,[-0.9179437   0.39671072  1.0704024 ]
482,[-0.9179437   0.39671072  1.0704024 ],[-1.2413191],-7.589024467355494,[-0.9397685   0.34181154  1.1817375 ]
483,[-0.9397685   0.34181154  1.1817375 ],[1.9675565],-7.94296745815791,[-0.96582663  0.25918898  1.7332296 ]
484,[-0.96582663  0.25918898  1.7332296 ],[-0.90023434],-8.592222458296876,[-0.9851496   0.17169806  1.7925862 ]
485,[-0.9851496   0.17169806  1.7925862 ],[1.8799286],-9.140066735166528,[-0.9980546   0.06234515  2.203349  ]
486,[-0.9980546   0.06234515  2.203349  ],[1.1731688],-9.968367022396153,[-0.9982648  -0.05888446  2.4260833 ]
487,[-0.9982648  -0.05888446  2.4260833 ],[-1.4295357],-10.093511203262702,[-0.9860391  -0.16651377  2.1674895 ]
488,[-0.9860391  -0.16651377  2.1674895 ],[1.5506663],-9.31866393719649,[-0.9607638 -0.2773677  2.2752042]
489,[-0.9607638 -0.2773677  2.2752042],[0.81740886],-8.7010093334049,[-0.9247026  -0.38069034  2.1897898 ]
490,[-0.9247026  -0.38069034  2.1897898 ],[-1.1910262],-8.049212192724,[-0.88845724 -0.4589594   1.725618  ]
491,[-0.88845724 -0.4589594   1.725618  ],[-1.297757],-7.400453947779101,[-0.8596764 -0.5108389  1.1867349]
492,[-0.8596764 -0.5108389  1.1867349],[-1.1503314],-6.930434662341491,[-0.8431328  -0.53770536  0.631056  ]
493,[-0.8431328  -0.53770536  0.631056  ],[-1.8763379],-6.668199448967522,[-0.84457284 -0.5354407  -0.05367369]
494,[-0.84457284 -0.5354407  -0.05367369],[1.8237352],-6.642291896065407,[-0.8494022  -0.527746   -0.18169394]
495,[-0.8494022  -0.527746   -0.18169394],[0.24224319],-6.688934872095396,[-0.86336946 -0.5045722  -0.54116696]
496,[-0.86336946 -0.5045722  -0.54116696],[-0.97704864],-6.856474596727068,[-0.8890279  -0.45785305 -1.0661534 ]
497,[-0.8890279  -0.45785305 -1.0661534 ],[-1.2798842],-7.222936509190553,[-0.9228031 -0.3852719 -1.6015259]
498,[-0.9228031 -0.3852719 -1.6015259],[0.65452486],-7.797928241728845,[-0.9535801 -0.3011395 -1.792301 ]
499,[-0.9535801 -0.3011395 -1.792301 ],[-1.8864683],-8.366017306021995,[-0.9818469  -0.18967499 -2.301126  ]
